Average Order Value,Average Rating of Top Restaurants
117.17040000000001,140.98466666666667
